{
    "accuracy": 0.9541616405307599,
    "precision": 0.8865979381443299,
    "recall": 0.7610619469026548,
    "auc": 0.9290057843476541
}
